Triazine_ID,SMILES,MolWt,LogP,TPSA,HBD,HBA,RotatableBonds,AromaticRings,n_triazine_rings,mol,Donor_pos,has_donor_pos1,has_donor_pos2,has_donor_pos3,has_pos2_bridged,has_pos3_bridged,has_pos2_notbridged,has_pos3_notbridged,pos2_inring,pos2_notinring,pos3_inring,pos3_notinring,ring_status,total_rings,extra_donors,has_plain_phenyl,tridentate,max_similarity,Has_Hydrazine,Has_Acyl_Hydrazide
TRZ00063,COc1ccccc1OCc1nnc(C)c(C)n1,245.28,2.08,57.13,0,5,4,2,1,<rdkit.Chem.rdchem.Mol object at 0x000002016A546880>,only_pos2_bridged,False,True,False,True,False,False,False,False,True,False,False,pos2_notinring,2.0,2.0,False,True,0.3584905660377358,,
TRZ00288,Cc1nnc(CSCc2nc(-c3ccc(Cl)cc3)cs2)nc1C,362.91,4.7,51.56,0,6,5,3,1,<rdkit.Chem.rdchem.Mol object at 0x000002016A540900>,only_pos2_bridged,False,True,False,True,False,False,False,False,True,False,False,pos2_notinring,3.0,3.0,False,True,0.39655172413793105,,
TRZ00289,Cc1nnc(CSCc2nc(-c3ccccc3)cs2)nc1C,328.47,4.05,51.56,0,6,5,3,1,<rdkit.Chem.rdchem.Mol object at 0x000002016A540970>,only_pos2_bridged,False,True,False,True,False,False,False,False,True,False,False,pos2_notinring,3.0,3.0,False,True,0.35185185185185186,,
TRZ00326,Cc1nnc(COc2ccccc2[N+](=O)[O-])nc1C,260.25,1.98,91.04,0,6,4,2,1,<rdkit.Chem.rdchem.Mol object at 0x000002016A5418C0>,only_pos2_bridged,False,True,False,True,False,False,False,False,True,False,False,pos2_notinring,2.0,3.0,False,True,0.46551724137931033,,
TRZ00367,COc1ccc(N(C)c2nc(C)nc3ccccc23)cc1OC(C)(C)c1nnc(C)c(C)n1,444.54,4.83,86.15,0,8,6,4,1,<rdkit.Chem.rdchem.Mol object at 0x000002016A542420>,only_pos2_bridged,False,True,False,True,False,False,False,False,True,False,False,pos2_notinring,4.0,5.0,False,True,0.2564102564102564,,
TRZ00368,COc1ccc(N(C)c2nc(C)nc3ccccc23)cc1OC(C)c1nnc(C)c(C)n1,430.51,4.66,86.15,0,8,6,4,1,<rdkit.Chem.rdchem.Mol object at 0x000002016A542490>,only_pos2_bridged,False,True,False,True,False,False,False,False,True,False,False,pos2_notinring,4.0,5.0,False,True,0.225,,
TRZ00467,Cc1nnc(CSc2ccccc2[N+](=O)[O-])nc1C,276.32,2.69,81.81,0,6,4,2,1,<rdkit.Chem.rdchem.Mol object at 0x000002016A5830D0>,only_pos2_bridged,False,True,False,True,False,False,False,False,True,False,False,pos2_notinring,2.0,3.0,False,True,0.328125,,
TRZ00478,Cc1nnc(CSc2cccc3cccnc23)nc1C,282.37,3.33,51.56,0,5,3,3,1,<rdkit.Chem.rdchem.Mol object at 0x000002016A582C00>,only_pos2_bridged,False,True,False,True,False,False,False,False,True,False,False,pos2_notinring,3.0,2.0,False,True,0.26229508196721313,,
TRZ00658,Cc1nnc(CSc2c(-c3cccs3)[nH]c3ccccc23)nc1C,352.49,4.99,54.46,1,5,4,4,1,<rdkit.Chem.rdchem.Mol object at 0x000002016A5197E0>,only_pos2_bridged,False,True,False,True,False,False,False,False,True,False,False,pos2_notinring,4.0,2.0,False,True,0.3620689655172414,,
TRZ00672,Cc1nnc(COc2cccc3cccnc23)nc1C,266.3,2.62,60.79,0,5,3,3,1,<rdkit.Chem.rdchem.Mol object at 0x000002016A519D20>,only_pos2_bridged,False,True,False,True,False,False,False,False,True,False,False,pos2_notinring,3.0,2.0,False,True,0.3103448275862069,,
TRZ00818,Cc1nnc(CNC(=O)c2cccs2)nc1C,248.31,1.48,67.77,1,5,3,2,1,<rdkit.Chem.rdchem.Mol object at 0x000002016A54D380>,only_pos2_bridged,False,True,False,True,False,False,False,False,True,False,False,pos2_notinring,2.0,2.0,False,True,0.33962264150943394,,
TRZ00856,COc1ccccc1SCc1nnc(C)c(C)n1,261.35,2.79,47.9,0,5,4,2,1,<rdkit.Chem.rdchem.Mol object at 0x000002016A54E340>,only_pos2_bridged,False,True,False,True,False,False,False,False,True,False,False,pos2_notinring,2.0,2.0,False,True,0.29310344827586204,,
TRZ00857,Cc1nnc(CSc2ccccc2O)nc1C,247.32,2.49,58.9,1,5,3,2,1,<rdkit.Chem.rdchem.Mol object at 0x000002016A54E3B0>,only_pos2_bridged,False,True,False,True,False,False,False,False,True,False,False,pos2_notinring,2.0,2.0,False,True,0.2631578947368421,,
TRZ00868,Cc1nnc(CNC(=O)COc2ccccc2)nc1C,272.31,1.18,77.0,1,5,5,2,1,<rdkit.Chem.rdchem.Mol object at 0x000002016A54E880>,only_pos2_bridged,False,True,False,True,False,False,False,False,True,False,False,pos2_notinring,2.0,2.0,False,True,0.29508196721311475,,
TRZ00913,Cc1nnc(CSc2c(-c3ccccc3)c3cc(Cl)ccc3[nH]c2=O)nc1C,408.91,4.94,71.53,1,5,4,4,1,<rdkit.Chem.rdchem.Mol object at 0x000002016A54FBC0>,only_pos2_bridged,False,True,False,True,False,False,False,False,True,False,False,pos2_notinring,4.0,2.0,False,True,0.23076923076923078,,
TRZ00927,Cc1nnc(CNC(=O)CNS(=O)(=O)c2ccccc2)nc1C,335.39,0.08,113.94,2,6,6,2,1,<rdkit.Chem.rdchem.Mol object at 0x000002016B1C0200>,only_pos2_bridged,False,True,False,True,False,False,False,False,True,False,False,pos2_notinring,2.0,3.0,False,True,0.24615384615384617,,
TRZ00951,Cc1nnc(CSc2nn(C)c(=O)n(C)c2=O)nc1C,294.34,-0.43,95.56,0,7,3,2,1,<rdkit.Chem.rdchem.Mol object at 0x000002016B1C0BA0>,only_pos2_bridged,False,True,False,True,False,False,False,False,True,False,False,pos2_notinring,2.0,4.0,False,True,0.21212121212121213,,
TRZ00968,Cc1nnc([C@H](Cc2cnc[nH]2)NC(=O)[C@@H](N)Cc2ccccc2)nc1C,365.44,1.18,122.47,3,6,7,3,1,<rdkit.Chem.rdchem.Mol object at 0x000002016B1C1150>,only_pos2_bridged,False,True,False,True,False,False,False,False,True,False,False,pos2_notinring,3.0,3.0,False,True,0.2125,,
TRZ00969,Cc1nnc([C@H](Cc2cnc[nH]2)NC(=O)[C@@H](N)CC(C)C)nc1C,331.42,0.98,122.47,3,6,7,2,1,<rdkit.Chem.rdchem.Mol object at 0x000002016B1C11C0>,only_pos2_bridged,False,True,False,True,False,False,False,False,True,False,False,pos2_notinring,2.0,3.0,False,True,0.22077922077922077,,
TRZ01087,Cc1nnc(CSc2ncnc3nc[nH]c23)nc1C,273.33,1.45,93.13,1,7,3,3,1,<rdkit.Chem.rdchem.Mol object at 0x000002016B1C3D80>,only_pos2_bridged,False,True,False,True,False,False,False,False,True,False,False,pos2_notinring,3.0,4.0,False,True,0.23529411764705882,,
TRZ01202,Cc1nnc(CNC(=O)CNC(=O)OCc2ccccc2)nc1C,329.36,1.03,106.1,2,6,6,2,1,<rdkit.Chem.rdchem.Mol object at 0x000002016B1C6880>,only_pos2_bridged,False,True,False,True,False,False,False,False,True,False,False,pos2_notinring,2.0,3.0,False,True,0.2727272727272727,,
TRZ01204,COc1ccccc1NCc1nnc(C)c(C)n1,244.3,2.11,59.93,1,5,4,2,1,<rdkit.Chem.rdchem.Mol object at 0x000002016B1C6960>,only_pos2_bridged,False,True,False,True,False,False,False,False,True,False,False,pos2_notinring,2.0,2.0,False,True,0.29310344827586204,,
TRZ01323,CCCC[C@H](NC(=O)c1cccs1)c1nnc(C)c(C)n1,304.42,3.21,67.77,1,5,6,2,1,<rdkit.Chem.rdchem.Mol object at 0x000002016B1C9A10>,only_pos2_bridged,False,True,False,True,False,False,False,False,True,False,False,pos2_notinring,2.0,2.0,False,True,0.29508196721311475,,
TRZ01634,Cc1nnc(C(NC(=O)COc2ccc3ccccc3c2)C(C)C)nc1C,364.45,3.53,77.0,1,5,6,3,1,<rdkit.Chem.rdchem.Mol object at 0x000002016B1D1A80>,only_pos2_bridged,False,True,False,True,False,False,False,False,True,False,False,pos2_notinring,3.0,2.0,False,True,0.4032258064516129,,
TRZ01638,Cc1ccccc1-n1c(C)nc2c(OCc3nnc(C)c(C)n3)cccc2c1=O,387.44,3.38,82.79,0,6,4,4,1,<rdkit.Chem.rdchem.Mol object at 0x000002016B1D1AF0>,only_pos2_bridged,False,True,False,True,False,False,False,False,True,False,False,pos2_notinring,4.0,3.0,False,True,0.25,,
TRZ01878,Cc1nnc(CNc2c(-c3ccsc3)nc3ccccn23)nc1C,336.42,3.48,68.0,1,6,4,4,1,<rdkit.Chem.rdchem.Mol object at 0x000002016B1D7450>,only_pos2_bridged,False,True,False,True,False,False,False,False,True,False,False,pos2_notinring,4.0,3.0,False,True,0.26153846153846155,,
TRZ01938,Cc1nnc(CNC(=O)c2ccco2)nc1C,232.24,1.01,80.91,1,5,3,2,1,<rdkit.Chem.rdchem.Mol object at 0x000002016B1D8AC0>,only_pos2_bridged,False,True,False,True,False,False,False,False,True,False,False,pos2_notinring,2.0,2.0,False,True,0.23809523809523808,,
TRZ01952,COc1ccccc1OC(C)c1nnc(C)c(C)n1,259.31,2.64,57.13,0,5,4,2,1,<rdkit.Chem.rdchem.Mol object at 0x000002016B1D9070>,only_pos2_bridged,False,True,False,True,False,False,False,False,True,False,False,pos2_notinring,2.0,2.0,False,True,0.2807017543859649,,
TRZ01987,Cc1nnc(COc2c(Br)cc(Br)c3cccnc23)nc1C,424.1,4.14,60.79,0,5,3,3,1,<rdkit.Chem.rdchem.Mol object at 0x000002016B1D9F50>,only_pos2_bridged,False,True,False,True,False,False,False,False,True,False,False,pos2_notinring,3.0,2.0,False,True,0.28125,,
TRZ02058,Cc1nnc(C(Cc2ccccc2)NC(=O)C(C)(C)NC(=O)OCc2ccccc2)nc1C,447.54,3.59,106.1,2,6,8,3,1,<rdkit.Chem.rdchem.Mol object at 0x000002016B1DBD10>,only_pos2_bridged,False,True,False,True,False,False,False,False,True,False,False,pos2_notinring,3.0,3.0,False,True,0.25,,
TRZ02129,Cc1nnc(CNC(=O)CNC(=O)c2ccccc2)nc1C,299.33,0.53,96.87,2,5,5,2,1,<rdkit.Chem.rdchem.Mol object at 0x000002016B1DDA80>,only_pos2_bridged,False,True,False,True,False,False,False,False,True,False,False,pos2_notinring,2.0,2.0,False,True,0.27419354838709675,,
TRZ02133,Cc1nnc(COc2ccccc2O)nc1C,231.25,1.77,68.13,1,5,3,2,1,<rdkit.Chem.rdchem.Mol object at 0x000002016B1DDC40>,only_pos2_bridged,False,True,False,True,False,False,False,False,True,False,False,pos2_notinring,2.0,2.0,False,True,0.32727272727272727,,
TRZ02180,Cc1ccc(OCc2nnc(C)c(C)n2)cn1,230.27,1.77,60.79,0,5,3,2,1,<rdkit.Chem.rdchem.Mol object at 0x000002016B1DF060>,only_pos2_bridged,False,True,False,True,False,False,False,False,True,False,False,pos2_notinring,2.0,2.0,False,True,0.36538461538461536,,
TRZ02240,Cc1nnc(C(NC(=O)Cn2c(C(F)(F)F)nc3ccccc32)C(C)C)nc1C,406.41,3.37,85.59,1,5,5,3,1,<rdkit.Chem.rdchem.Mol object at 0x000002016B1E09E0>,only_pos2_bridged,False,True,False,True,False,False,False,False,True,False,False,pos2_notinring,3.0,2.0,False,True,0.22784810126582278,,
TRZ02241,Cc1nnc(C(CC(C)C)NC(=O)Cn2c(C(F)(F)F)nc3ccccc32)nc1C,420.44,3.76,85.59,1,5,6,3,1,<rdkit.Chem.rdchem.Mol object at 0x000002016B1E0A50>,only_pos2_bridged,False,True,False,True,False,False,False,False,True,False,False,pos2_notinring,3.0,2.0,False,True,0.2222222222222222,,
TRZ02242,Cc1nnc(C(Cc2ccccc2)NC(=O)Cn2c(C(F)(F)F)nc3ccccc32)nc1C,454.46,3.96,85.59,1,5,6,4,1,<rdkit.Chem.rdchem.Mol object at 0x000002016B1E0AC0>,only_pos2_bridged,False,True,False,True,False,False,False,False,True,False,False,pos2_notinring,4.0,2.0,False,True,0.21686746987951808,,
TRZ02273,Cc1nnc(C(C)NC(=O)C(Cc2c[nH]c3ccccc23)NC(=O)OC(C)(C)C)nc1C,438.53,3.28,121.89,3,6,6,3,1,<rdkit.Chem.rdchem.Mol object at 0x000002016B1E1770>,only_pos2_bridged,False,True,False,True,False,False,False,False,True,False,False,pos2_notinring,3.0,3.0,False,True,0.20987654320987653,,
TRZ02279,Cc1nnc(CNC(=O)C(Cc2c[nH]c3ccccc23)NC(=O)OCc2ccccc2)nc1C,458.52,3.12,121.89,3,6,8,4,1,<rdkit.Chem.rdchem.Mol object at 0x000002016B1E1A10>,only_pos2_bridged,False,True,False,True,False,False,False,False,True,False,False,pos2_notinring,4.0,3.0,False,True,0.21686746987951808,,
TRZ02298,C=CCc1ccc(OCc2nnc(C)c(C)n2)c(OC)c1,285.35,2.8,57.13,0,5,6,2,1,<rdkit.Chem.rdchem.Mol object at 0x000002016B1E2260>,only_pos2_bridged,False,True,False,True,False,False,False,False,True,False,False,pos2_notinring,2.0,2.0,False,True,0.3088235294117647,,
TRZ02322,COc1cc(C)ccc1OCc1nnc(C)c(C)n1,259.31,2.38,57.13,0,5,4,2,1,<rdkit.Chem.rdchem.Mol object at 0x000002016B1E2CE0>,only_pos2_bridged,False,True,False,True,False,False,False,False,True,False,False,pos2_notinring,2.0,2.0,False,True,0.41379310344827586,,
TRZ02344,Cc1nnc(CNC(=O)COc2ccc(Cl)cc2Cl)nc1C,341.2,2.49,77.0,1,5,5,2,1,<rdkit.Chem.rdchem.Mol object at 0x000002016B1E35A0>,only_pos2_bridged,False,True,False,True,False,False,False,False,True,False,False,pos2_notinring,2.0,2.0,False,True,0.2727272727272727,,
TRZ02410,Cc1nnc(CSc2ncnc3c(C)csc23)nc1C,303.42,3.09,64.45,0,7,3,3,1,<rdkit.Chem.rdchem.Mol object at 0x000002016B1E5230>,only_pos2_bridged,False,True,False,True,False,False,False,False,True,False,False,pos2_notinring,3.0,4.0,False,True,0.27419354838709675,,
TRZ02422,Cc1nnc(CSCCS(=O)(=O)c2ccccc2)nc1C,323.44,2.2,72.81,0,6,6,2,1,<rdkit.Chem.rdchem.Mol object at 0x000002016B1E5700>,only_pos2_bridged,False,True,False,True,False,False,False,False,True,False,False,pos2_notinring,2.0,3.0,False,True,0.24193548387096775,,
TRZ02428,Cc1nnc(CSCC(=O)Nc2ccc(C(C)(C)C)cc2)nc1C,344.48,3.66,67.77,1,5,5,2,1,<rdkit.Chem.rdchem.Mol object at 0x000002016B1E59A0>,only_pos2_bridged,False,True,False,True,False,False,False,False,True,False,False,pos2_notinring,2.0,2.0,False,True,0.3225806451612903,,
TRZ02437,Cc1nnc(C(C)Oc2cccc3cccnc23)nc1C,280.33,3.18,60.79,0,5,3,3,1,<rdkit.Chem.rdchem.Mol object at 0x000002016B1E5D90>,only_pos2_bridged,False,True,False,True,False,False,False,False,True,False,False,pos2_notinring,3.0,2.0,False,True,0.25806451612903225,,
TRZ02489,Cc1ccc2nc(-c3ccsc3)c(NCc3nnc(C)c(C)n3)n2c1,350.45,3.79,68.0,1,6,4,4,1,<rdkit.Chem.rdchem.Mol object at 0x000002016B1E7300>,only_pos2_bridged,False,True,False,True,False,False,False,False,True,False,False,pos2_notinring,4.0,3.0,False,True,0.24242424242424243,,
TRZ02870,Cc1nnc(COc2ccc(C(F)(F)F)cc2[N+](=O)[O-])nc1C,328.25,2.99,91.04,0,6,4,2,1,<rdkit.Chem.rdchem.Mol object at 0x000002016B1F1000>,only_pos2_bridged,False,True,False,True,False,False,False,False,True,False,False,pos2_notinring,2.0,3.0,False,True,0.4838709677419355,,
TRZ03205,COc1cc(F)ccc1OC(C)(C)c1nnc(C)c(C)n1,291.33,2.95,57.13,0,5,4,2,1,<rdkit.Chem.rdchem.Mol object at 0x000002016B1F94D0>,only_pos2_bridged,False,True,False,True,False,False,False,False,True,False,False,pos2_notinring,2.0,2.0,False,True,0.3225806451612903,,
TRZ04183,Cc1nnc([C@@H](NC(=O)c2cocn2)c2ccc(F)cc2F)nc1C,345.31,2.27,93.8,1,6,4,3,1,<rdkit.Chem.rdchem.Mol object at 0x000002016B20D7E0>,only_pos2_bridged,False,True,False,True,False,False,False,False,True,False,False,pos2_notinring,3.0,3.0,False,True,0.20253164556962025,,
TRZ04396,Cc1nnc(CN(C)CCN(C)Cc2cccc(C(F)(F)F)c2)nc1C,367.42,3.07,45.15,0,5,7,2,1,<rdkit.Chem.rdchem.Mol object at 0x000002016B211E00>,only_pos2_bridged,False,True,False,True,False,False,False,False,True,False,False,pos2_notinring,2.0,2.0,False,True,0.27941176470588236,,
TRZ04617,CCOc1cc(F)ccc1N(Cc1nnc(C)c(C)n1)c1ccnc(SC)n1,400.48,3.88,76.92,0,8,7,3,1,<rdkit.Chem.rdchem.Mol object at 0x000002016B216AB0>,only_pos2_bridged,False,True,False,True,False,False,False,False,True,False,False,pos2_notinring,3.0,5.0,False,True,0.2077922077922078,,
TRZ04949,Cc1cc(C(=O)N[C@H](C(=O)N[C@@H](Cc2ccc(F)cc2)c2nnc(C)c(C)n2)C(C)C)no1,454.51,2.78,122.9,2,7,8,3,1,<rdkit.Chem.rdchem.Mol object at 0x000002016B21D770>,only_pos2_bridged,False,True,False,True,False,False,False,False,True,False,False,pos2_notinring,3.0,4.0,False,True,0.2,,
TRZ05104,CCn1c(C)c(C(=O)Nc2ccc(F)c(C)c2)c(C)c1C(=O)C(=O)NC(C)(C)c1nnc(C)c(C)n1,494.57,3.86,118.87,2,6,7,3,1,<rdkit.Chem.rdchem.Mol object at 0x000002016B220890>,only_pos2_bridged,False,True,False,True,False,False,False,False,True,False,False,pos2_notinring,3.0,3.0,False,True,0.1797752808988764,,
TRZ05447,CCc1c(F)cc(F)cc1OC(C)C(=O)N(Cc1nnc(C)c(C)n1)Cc1ccc(C#N)cc1F,483.49,4.34,92.0,0,6,8,3,1,<rdkit.Chem.rdchem.Mol object at 0x000002016B227ED0>,only_pos2_bridged,False,True,False,True,False,False,False,False,True,False,False,pos2_notinring,3.0,3.0,False,True,0.20430107526881722,,
TRZ05448,Cc1nnc(CN(Cc2ccc(C#N)nc2)C(=O)COc2cc(F)cc(F)c2Cl)nc1C,458.86,3.29,104.89,0,7,7,3,1,<rdkit.Chem.rdchem.Mol object at 0x000002016B227F40>,only_pos2_bridged,False,True,False,True,False,False,False,False,True,False,False,pos2_notinring,3.0,4.0,False,True,0.2159090909090909,,
TRZ00072,Cc1nnc(-c2nc3ccccc3s2)nc1C,242.31,2.77,51.56,0,5,1,3,1,<rdkit.Chem.rdchem.Mol object at 0x000002016A546C00>,only_pos2_notbridged,False,True,False,False,False,True,False,True,False,False,False,pos2_inring,3.0,2.0,False,True,0.4222222222222222,,
TRZ00111,Cc1cc(C)cc(OCc2ccc(-c3nnc(C)c(C)n3)o2)c1,309.37,3.94,61.04,0,5,4,3,1,<rdkit.Chem.rdchem.Mol object at 0x000002016A547CA0>,only_pos2_notbridged,False,True,False,False,False,True,False,True,False,False,False,pos2_inring,3.0,2.0,False,True,0.717391304347826,,
TRZ00112,Cc1nnc(-c2ccc(COc3ccc4ccccc4c3)o2)nc1C,331.38,4.48,61.04,0,5,4,4,1,<rdkit.Chem.rdchem.Mol object at 0x000002016A547D10>,only_pos2_notbridged,False,True,False,False,False,True,False,True,False,False,False,pos2_inring,4.0,2.0,False,True,1.0,,
TRZ00116,COc1ccccc1OCc1ccc(-c2nnc(C)c(C)n2)o1,311.34,3.34,70.27,0,6,5,3,1,<rdkit.Chem.rdchem.Mol object at 0x000002016A547ED0>,only_pos2_notbridged,False,True,False,False,False,True,False,True,False,False,False,pos2_inring,3.0,3.0,False,True,0.6666666666666666,,
TRZ00117,Cc1nnc(-c2ccc(COc3ccc([N+](=O)[O-])cc3)o2)nc1C,326.31,3.24,104.18,0,7,5,3,1,<rdkit.Chem.rdchem.Mol object at 0x000002016A547F40>,only_pos2_notbridged,False,True,False,False,False,True,False,True,False,False,False,pos2_inring,3.0,4.0,False,True,1.0,,
TRZ00120,Cc1cc(C)n(Cc2ccc(-c3nnc(C)c(C)n3)o2)n1,283.34,2.61,69.63,0,5,3,3,1,<rdkit.Chem.rdchem.Mol object at 0x000002016A548120>,only_pos2_notbridged,False,True,False,False,False,True,False,True,False,False,False,pos2_inring,3.0,2.0,False,True,0.48148148148148145,,
TRZ00121,Cc1nnc(-c2ccc(Cn3nc(C)c(Cl)c3C)o2)nc1C,317.78,3.26,69.63,0,5,3,3,1,<rdkit.Chem.rdchem.Mol object at 0x000002016A548190>,only_pos2_notbridged,False,True,False,False,False,True,False,True,False,False,False,pos2_inring,3.0,2.0,False,True,0.44642857142857145,,
TRZ00126,Cc1nnc(-c2ccc(Cn3cccn3)o2)nc1C,255.28,1.99,69.63,0,5,3,3,1,<rdkit.Chem.rdchem.Mol object at 0x000002016A548350>,only_pos2_notbridged,False,True,False,False,False,True,False,True,False,False,False,pos2_inring,3.0,2.0,False,True,0.48148148148148145,,
TRZ00127,CCOc1ccc(OCc2ccc(-c3nnc(C)c(C)n3)o2)cc1,325.37,3.73,70.27,0,6,6,3,1,<rdkit.Chem.rdchem.Mol object at 0x000002016A5483C0>,only_pos2_notbridged,False,True,False,False,False,True,False,True,False,False,False,pos2_inring,3.0,3.0,False,True,0.717391304347826,,
TRZ00249,Cc1nnc(/C(=C\c2ccco2)NC(=O)c2ccco2)nc1C,310.31,2.6,94.05,1,6,4,3,1,<rdkit.Chem.rdchem.Mol object at 0x000002016A54B7D0>,only_pos2_notbridged,False,True,False,False,False,True,False,False,True,False,False,pos2_notinring,3.0,3.0,False,True,0.203125,,
TRZ00259,Cc1nnc(-c2ccc(COc3ccc(C(C)(C)C)cc3)o2)nc1C,337.42,4.62,61.04,0,5,4,3,1,<rdkit.Chem.rdchem.Mol object at 0x000002016A54BC30>,only_pos2_notbridged,False,True,False,False,False,True,False,True,False,False,False,pos2_inring,3.0,2.0,False,True,0.673469387755102,,
TRZ00287,Cc1nnc(-c2scc(S(=O)(=O)C(C)C)c2Cl)nc1C,331.85,3.05,72.81,0,6,3,2,1,<rdkit.Chem.rdchem.Mol object at 0x000002016A540890>,only_pos2_notbridged,False,True,False,False,False,True,False,True,False,False,False,pos2_inring,2.0,3.0,False,True,0.3508771929824561,,
TRZ00295,Cc1nnc(-c2ccc(Cn3nc([N+](=O)[O-])c(Cl)c3C)o2)nc1C,348.75,2.86,112.77,0,7,4,3,1,<rdkit.Chem.rdchem.Mol object at 0x000002016A540C10>,only_pos2_notbridged,False,True,False,False,False,True,False,True,False,False,False,pos2_inring,3.0,4.0,False,True,0.5166666666666667,,
TRZ00296,Cc1nnc(-c2ccc(COc3cccc4ccccc34)o2)nc1C,331.38,4.48,61.04,0,5,4,4,1,<rdkit.Chem.rdchem.Mol object at 0x000002016A540C80>,only_pos2_notbridged,False,True,False,False,False,True,False,True,False,False,False,pos2_inring,4.0,2.0,False,True,0.66,,
TRZ00355,CCc1c(-c2nnc(C)c(C)n2)ncc2[nH]c3cc(OC)c(OC)cc3c12,363.42,3.76,85.81,1,6,4,4,1,<rdkit.Chem.rdchem.Mol object at 0x000002016A542180>,only_pos2_notbridged,False,True,False,False,False,True,False,True,False,False,False,pos2_inring,4.0,3.0,False,True,0.2857142857142857,,
TRZ00371,Cc1ccc(C)c(OCc2ccc(-c3nnc(C)c(C)n3)o2)c1,309.37,3.94,61.04,0,5,4,3,1,<rdkit.Chem.rdchem.Mol object at 0x000002016A5425E0>,only_pos2_notbridged,False,True,False,False,False,True,False,True,False,False,False,pos2_inring,3.0,2.0,False,True,0.6792452830188679,,
TRZ00374,Cc1ccc(OCc2ccc(-c3nnc(C)c(C)n3)o2)cc1C,309.37,3.94,61.04,0,5,4,3,1,<rdkit.Chem.rdchem.Mol object at 0x000002016A542730>,only_pos2_notbridged,False,True,False,False,False,True,False,True,False,False,False,pos2_inring,3.0,2.0,False,True,0.7608695652173914,,
TRZ00375,Cc1ccc(OCc2ccc(-c3nnc(C)c(C)n3)o2)c([N+](=O)[O-])c1,340.34,3.54,104.18,0,7,5,3,1,<rdkit.Chem.rdchem.Mol object at 0x000002016A5427A0>,only_pos2_notbridged,False,True,False,False,False,True,False,True,False,False,False,pos2_inring,3.0,4.0,False,True,1.0,,
TRZ00376,Cc1nnc(-c2ccc(COc3ccc(Br)cc3)o2)nc1C,360.21,4.09,61.04,0,5,4,3,1,<rdkit.Chem.rdchem.Mol object at 0x000002016A542810>,only_pos2_notbridged,False,True,False,False,False,True,False,True,False,False,False,pos2_inring,3.0,2.0,False,True,0.7021276595744681,,
TRZ00378,Cc1nnc(-c2ccc(Cn3cc(Br)cn3)o2)nc1C,334.18,2.76,69.63,0,5,3,3,1,<rdkit.Chem.rdchem.Mol object at 0x000002016A5428F0>,only_pos2_notbridged,False,True,False,False,False,True,False,True,False,False,False,pos2_inring,3.0,2.0,False,True,0.43859649122807015,,
TRZ00380,Cc1nnc(-c2ccc(Cn3cc(Cl)cn3)o2)nc1C,289.73,2.65,69.63,0,5,3,3,1,<rdkit.Chem.rdchem.Mol object at 0x000002016A5429D0>,only_pos2_notbridged,False,True,False,False,False,True,False,True,False,False,False,pos2_inring,3.0,2.0,False,True,0.43859649122807015,,
TRZ00383,CCCc1ccc(OCc2ccc(-c3nnc(C)c(C)n3)o2)c(OC)c1,353.42,4.29,70.27,0,6,7,3,1,<rdkit.Chem.rdchem.Mol object at 0x000002016A542B20>,only_pos2_notbridged,False,True,False,False,False,True,False,True,False,False,False,pos2_inring,3.0,3.0,False,True,0.5573770491803278,,
TRZ00432,Cc1nnc(-c2ccc(COc3ccccc3)o2)nc1C,281.31,3.33,61.04,0,5,4,3,1,<rdkit.Chem.rdchem.Mol object at 0x000002016A543ED0>,only_pos2_notbridged,False,True,False,False,False,True,False,True,False,False,False,pos2_inring,3.0,2.0,False,True,0.7727272727272727,,
TRZ00493,Cc1nnc(/C(=C\c2ccc(Br)cc2)NC(=O)c2cccs2)nc1C,415.32,4.24,67.77,1,5,4,3,1,<rdkit.Chem.rdchem.Mol object at 0x000002016A5825E0>,only_pos2_notbridged,False,True,False,False,False,True,False,False,True,False,False,pos2_notinring,3.0,2.0,False,True,0.2857142857142857,,
TRZ00499,Cc1nnc(-c2cc3sccc3s2)nc1C,247.35,3.43,38.67,0,5,1,3,1,<rdkit.Chem.rdchem.Mol object at 0x000002016A5823B0>,only_pos2_notbridged,False,True,False,False,False,True,False,True,False,False,False,pos2_inring,3.0,2.0,False,True,0.4444444444444444,,
TRZ00512,Cc1nnc(-c2sc3cc(C(F)(F)F)cnc3c2-c2ccccn2)nc1C,387.39,4.85,64.45,0,6,2,4,1,<rdkit.Chem.rdchem.Mol object at 0x000002016A582030>,only_pos2_notbridged,False,True,False,False,False,True,False,True,False,False,False,pos2_inring,4.0,3.0,False,True,0.4153846153846154,,
TRZ00515,CCCCN(CCCC)Cc1ccc(-c2nnc(C)c(C)n2)o1,316.45,4.15,55.05,0,5,9,2,1,<rdkit.Chem.rdchem.Mol object at 0x000002016A581EE0>,only_pos2_notbridged,False,True,False,False,False,True,False,True,False,False,False,pos2_inring,2.0,2.0,False,True,0.46296296296296297,,
TRZ00520,Cc1nnc(-c2sc3cc(C(F)(F)F)cnc3c2-c2cccnc2)nc1C,387.39,4.85,64.45,0,6,2,4,1,<rdkit.Chem.rdchem.Mol object at 0x000002016A581D20>,only_pos2_notbridged,False,True,False,False,False,True,False,True,False,False,False,pos2_inring,4.0,3.0,False,True,0.38235294117647056,,
TRZ00524,COc1ccc(/C=C(\NC(=O)c2cccs2)c2nnc(C)c(C)n2)cc1OC,396.47,3.5,86.23,1,7,6,3,1,<rdkit.Chem.rdchem.Mol object at 0x000002016A581B60>,only_pos2_notbridged,False,True,False,False,False,True,False,False,True,False,False,pos2_notinring,3.0,4.0,False,True,0.2647058823529412,,
TRZ00526,CCCOc1ccc2[nH]c3cnc(-c4nnc(C)c(C)n4)c(COC)c3c2c1,377.45,4.12,85.81,1,6,6,4,1,<rdkit.Chem.rdchem.Mol object at 0x000002016A581A80>,only_pos2_notbridged,False,True,False,False,False,True,False,True,False,False,False,pos2_inring,4.0,3.0,False,True,0.32857142857142857,,
TRZ00815,Cc1nnc(C(=O)NCc2ccco2)nc1C,232.24,1.01,80.91,1,5,3,2,1,<rdkit.Chem.rdchem.Mol object at 0x000002016A54D230>,only_pos2_notbridged,False,True,False,False,False,True,False,False,True,False,False,pos2_notinring,2.0,2.0,False,True,0.25806451612903225,,
TRZ00825,CCN(CC)Cc1ccc(-c2nnc(C)c(C)n2)o1,260.34,2.59,55.05,0,5,5,2,1,<rdkit.Chem.rdchem.Mol object at 0x000002016A54D620>,only_pos2_notbridged,False,True,False,False,False,True,False,True,False,False,False,pos2_inring,2.0,2.0,False,True,0.5,,
TRZ00833,Cc1nnc(-c2ccc(CS(=O)(=O)c3ccccc3)o2)nc1C,329.38,2.72,85.95,0,6,4,3,1,<rdkit.Chem.rdchem.Mol object at 0x000002016A54D9A0>,only_pos2_notbridged,False,True,False,False,False,True,False,True,False,False,False,pos2_inring,3.0,3.0,False,True,0.5094339622641509,,
TRZ00921,Cc1nnc(-c2cc3ncc(C(F)(F)F)cc3s2)nc1C,310.3,3.78,51.56,0,5,1,3,1,<rdkit.Chem.rdchem.Mol object at 0x000002016A54FF40>,only_pos2_notbridged,False,True,False,False,False,True,False,True,False,False,False,pos2_inring,3.0,2.0,False,True,0.4909090909090909,,
TRZ00953,Cc1nnc(-c2nc3c(=O)[nH]c4cc(Cl)ccc4n3n2)nc1C,327.74,1.69,101.72,1,6,1,4,1,<rdkit.Chem.rdchem.Mol object at 0x000002016B1C0C80>,only_pos2_notbridged,False,True,False,False,False,True,False,True,False,False,False,pos2_inring,4.0,3.0,False,True,0.3088235294117647,,
TRZ00958,Cc1nnc(-c2cc(-c3ccc(Cl)cc3)nn2CC(O)COc2ccc(Cl)cc2)nc1C,470.36,4.77,85.95,1,6,7,4,1,<rdkit.Chem.rdchem.Mol object at 0x000002016B1C0EB0>,only_pos2_notbridged,False,True,False,False,False,True,False,True,False,False,False,pos2_inring,4.0,3.0,False,True,0.3382352941176471,,
TRZ00970,Cc1nnc(-c2cc(-c3ccccc3)nn2CC(O)COc2ccc(Cl)cc2)nc1C,435.92,4.11,85.95,1,6,7,4,1,<rdkit.Chem.rdchem.Mol object at 0x000002016B1C1230>,only_pos2_notbridged,False,True,False,False,False,True,False,True,False,False,False,pos2_inring,4.0,3.0,False,True,0.323943661971831,,
TRZ00971,COc1ccccc1OCC(O)Cn1nc(-c2ccccc2)cc1-c1nnc(C)c(C)n1,431.5,3.47,95.18,1,7,8,4,1,<rdkit.Chem.rdchem.Mol object at 0x000002016B1C12A0>,only_pos2_notbridged,False,True,False,False,False,True,False,True,False,False,False,pos2_inring,4.0,4.0,False,True,0.3055555555555556,,
TRZ00972,COc1ccccc1OCC(O)Cn1nc(-c2ccc(Cl)cc2)cc1-c1nnc(C)c(C)n1,465.94,4.12,95.18,1,7,8,4,1,<rdkit.Chem.rdchem.Mol object at 0x000002016B1C1310>,only_pos2_notbridged,False,True,False,False,False,True,False,True,False,False,False,pos2_inring,4.0,4.0,False,True,0.29333333333333333,,
TRZ00973,COc1ccc(-c2cc(-c3nnc(C)c(C)n3)n(CC(O)COc3ccc(Cl)cc3)n2)cc1,465.94,4.12,95.18,1,7,8,4,1,<rdkit.Chem.rdchem.Mol object at 0x000002016B1C1380>,only_pos2_notbridged,False,True,False,False,False,True,False,True,False,False,False,pos2_inring,4.0,4.0,False,True,0.3194444444444444,,
TRZ00974,COc1ccc(-c2cc(-c3nnc(C)c(C)n3)n(CC(O)COc3ccccc3OC)n2)cc1,461.52,3.48,104.41,1,8,9,4,1,<rdkit.Chem.rdchem.Mol object at 0x000002016B1C13F0>,only_pos2_notbridged,False,True,False,False,False,True,False,True,False,False,False,pos2_inring,4.0,5.0,False,True,0.3287671232876712,,
TRZ01003,Cc1nnc(-c2nc([N+](=O)[O-])cn2Cc2ccc(OC(F)(F)F)cc2)nc1C,394.31,3.21,108.86,0,7,5,3,1,<rdkit.Chem.rdchem.Mol object at 0x000002016B1C1D20>,only_pos2_notbridged,False,True,False,False,False,True,False,True,False,False,False,pos2_inring,3.0,4.0,False,True,0.3880597014925373,,
TRZ01043,Cc1nnc(-c2nc(-c3ccc(C(F)(F)F)nc3)cc(-c3ccco3)n2)nc1C,398.35,4.29,90.48,0,7,3,4,1,<rdkit.Chem.rdchem.Mol object at 0x000002016B1C2C00>,only_pos2_notbridged,False,True,False,False,False,True,False,True,False,False,False,pos2_inring,4.0,4.0,False,True,0.32857142857142857,,
TRZ01100,Cc1nnc(-c2nc(C(C)C)cs2)nc1C,234.33,2.74,51.56,0,5,2,2,1,<rdkit.Chem.rdchem.Mol object at 0x000002016B1C4350>,only_pos2_notbridged,False,True,False,False,False,True,False,True,False,False,False,pos2_inring,2.0,2.0,False,True,0.4318181818181818,,
TRZ01137,Cc1nnc(-c2ccc(NCc3ccc(F)cc3)cn2)nc1C,309.35,3.3,63.59,1,5,4,3,1,<rdkit.Chem.rdchem.Mol object at 0x000002016B1C5230>,only_pos2_notbridged,False,True,False,False,False,True,False,True,False,False,False,pos2_inring,3.0,2.0,False,True,0.32727272727272727,,
TRZ01158,Cc1nnc(C(=O)Nc2cccccc2=O)nc1C,256.26,1.1,84.84,1,5,2,2,1,<rdkit.Chem.rdchem.Mol object at 0x000002016B1C5A80>,only_pos2_notbridged,False,True,False,False,False,True,False,False,True,False,False,pos2_notinring,2.0,2.0,False,True,0.24074074074074073,,
TRZ01218,Cc1nnc(-c2ccc(COc3cc(Cl)ccc3Cl)o2)nc1C,350.21,4.63,61.04,0,5,4,3,1,<rdkit.Chem.rdchem.Mol object at 0x000002016B1C6F80>,only_pos2_notbridged,False,True,False,False,False,True,False,True,False,False,False,pos2_inring,3.0,2.0,False,True,0.5849056603773585,,
TRZ01251,Cc1nnc(-c2ccc(COc3ccc(F)cc3)o2)nc1C,299.31,3.47,61.04,0,5,4,3,1,<rdkit.Chem.rdchem.Mol object at 0x000002016B1C7CA0>,only_pos2_notbridged,False,True,False,False,False,True,False,True,False,False,False,pos2_inring,3.0,2.0,False,True,0.7021276595744681,,
TRZ01296,Cc1nnc(-c2nnc3ccccc3n2)nc1C,238.25,1.49,77.34,0,6,1,3,1,<rdkit.Chem.rdchem.Mol object at 0x000002016B1C9000>,only_pos2_notbridged,False,True,False,False,False,True,False,True,False,False,False,pos2_inring,3.0,3.0,False,True,0.38095238095238093,,
TRZ01544,Cc1nnc(-c2ccc(CSc3ccc(C(F)(F)F)cn3)o2)nc1C,366.37,4.45,64.7,0,6,4,3,1,<rdkit.Chem.rdchem.Mol object at 0x000002016B1CF760>,only_pos2_notbridged,False,True,False,False,False,True,False,True,False,False,False,pos2_inring,3.0,3.0,False,True,1.0,,
TRZ01581,Cc1nnc(-c2cc3c(cn2)sc2ccccc23)nc1C,292.37,3.92,51.56,0,5,1,4,1,<rdkit.Chem.rdchem.Mol object at 0x000002016B1D06D0>,only_pos2_notbridged,False,True,False,False,False,True,False,True,False,False,False,pos2_inring,4.0,2.0,False,True,0.36538461538461536,,
TRZ01776,Cc1nnc(-c2nc(-c3ccc(C(F)(F)F)nc3)cc(-c3ncco3)n2)nc1C,399.34,3.68,103.37,0,8,3,4,1,<rdkit.Chem.rdchem.Mol object at 0x000002016B1D4DD0>,only_pos2_notbridged,False,True,False,False,False,True,False,True,False,False,False,pos2_inring,4.0,5.0,False,True,0.3188405797101449,,
TRZ01884,Cc1nnc(-c2nc3ncccc3n2C)nc1C,240.27,1.44,69.38,0,5,1,3,1,<rdkit.Chem.rdchem.Mol object at 0x000002016B1D76F0>,only_pos2_notbridged,False,True,False,False,False,True,False,True,False,False,False,pos2_inring,3.0,2.0,False,True,0.3137254901960784,,
TRZ01999,Cc1nnc(-c2nc(-c3cccs3)no2)nc1C,259.29,2.27,77.59,0,7,2,3,1,<rdkit.Chem.rdchem.Mol object at 0x000002016B1DA490>,only_pos2_notbridged,False,True,False,False,False,True,False,True,False,False,False,pos2_inring,3.0,4.0,False,True,0.5581395348837209,,
TRZ02177,Cc1nnc(-c2ccc(CO)o2)nc1C,205.22,1.24,72.04,1,5,2,2,1,<rdkit.Chem.rdchem.Mol object at 0x000002016B1DEF10>,only_pos2_notbridged,False,True,False,False,False,True,False,True,False,False,False,pos2_inring,2.0,2.0,False,True,0.5434782608695652,,
TRZ02228,Cc1nnc(-c2nc3cc(C(F)(F)F)ccc3s2)nc1C,310.3,3.78,51.56,0,5,1,3,1,<rdkit.Chem.rdchem.Mol object at 0x000002016B1E0580>,only_pos2_notbridged,False,True,False,False,False,True,False,True,False,False,False,pos2_inring,3.0,2.0,False,True,0.42105263157894735,,
TRZ02274,Cc1nnc(C(=O)n2ccnc2)nc1C,203.21,0.37,73.56,0,5,1,2,1,<rdkit.Chem.rdchem.Mol object at 0x000002016B1E17E0>,only_pos2_notbridged,False,True,False,False,False,True,False,True,True,False,False,pos2_both,2.0,2.0,False,True,0.22580645161290322,,
TRZ02332,COc1ccc(/C=C(/NC(=O)c2ccc(Br)o2)c2nnc(C)c(C)n2)cc1,429.27,3.78,90.14,1,6,5,3,1,<rdkit.Chem.rdchem.Mol object at 0x000002016B1E30D0>,only_pos2_notbridged,False,True,False,False,False,True,False,False,True,False,False,pos2_notinring,3.0,3.0,False,True,0.25333333333333335,,
TRZ02337,COc1ccc(OC)c(NC(=O)c2nnc(C)c(C)n2)c1,288.31,1.76,86.23,1,6,4,2,1,<rdkit.Chem.rdchem.Mol object at 0x000002016B1E3300>,only_pos2_notbridged,False,True,False,False,False,True,False,False,True,False,False,pos2_notinring,2.0,3.0,False,True,0.3333333333333333,,
TRZ02366,Cc1nnc(-c2ccc(CN(C)C)o2)nc1C,232.29,1.81,55.05,0,5,3,2,1,<rdkit.Chem.rdchem.Mol object at 0x000002016B1E3F40>,only_pos2_notbridged,False,True,False,False,False,True,False,True,False,False,False,pos2_inring,2.0,2.0,False,True,0.5208333333333334,,
TRZ02379,Cc1nnc(-c2nc(-c3ccccc3)c(C)o2)nc1C,266.3,3.12,64.7,0,5,2,3,1,<rdkit.Chem.rdchem.Mol object at 0x000002016B1E4580>,only_pos2_notbridged,False,True,False,False,False,True,False,True,False,False,False,pos2_inring,3.0,2.0,False,True,0.37735849056603776,,
TRZ02387,Cc1nnc(-c2nc(COc3ccccc3Cl)no2)nc1C,317.74,2.77,86.82,0,7,4,3,1,<rdkit.Chem.rdchem.Mol object at 0x000002016B1E4900>,only_pos2_notbridged,False,True,False,False,False,True,False,True,False,False,False,pos2_inring,3.0,4.0,False,True,0.3888888888888889,,
TRZ02396,Cc1nc(-c2noc(-c3nnc(C)c(C)n3)n2)cs1,274.31,1.97,90.48,0,8,2,3,1,<rdkit.Chem.rdchem.Mol object at 0x000002016B1E4C80>,only_pos2_notbridged,False,True,False,False,False,True,False,True,False,False,False,pos2_inring,3.0,5.0,False,True,1.0,,
TRZ02644,Cc1nnc(-c2ncco2)nc1C,176.18,1.14,64.7,0,5,1,2,1,<rdkit.Chem.rdchem.Mol object at 0x000002016B1EB450>,only_pos2_notbridged,False,True,False,False,False,True,False,True,False,False,False,pos2_inring,2.0,2.0,False,True,0.40476190476190477,,
TRZ02652,COc1ccc2nc(-c3nnc(C)c(C)n3)sc2c1,272.33,2.77,60.79,0,6,2,3,1,<rdkit.Chem.rdchem.Mol object at 0x000002016B1EB7D0>,only_pos2_notbridged,False,True,False,False,False,True,False,True,False,False,False,pos2_inring,3.0,3.0,False,True,0.39655172413793105,,
TRZ02677,Cc1nnc(-c2cc3cccc([N+](=O)[O-])c3[nH]2)nc1C,269.26,2.54,97.6,1,5,2,3,1,<rdkit.Chem.rdchem.Mol object at 0x000002016B1EC2E0>,only_pos2_notbridged,False,True,False,False,False,True,False,True,False,False,False,pos2_inring,3.0,2.0,False,True,0.38095238095238093,,
TRZ02699,Cc1nnc(-c2nccs2)nc1C,192.25,1.61,51.56,0,5,1,2,1,<rdkit.Chem.rdchem.Mol object at 0x000002016B1ECB30>,only_pos2_notbridged,False,True,False,False,False,True,False,True,False,False,False,pos2_inring,2.0,2.0,False,True,0.42857142857142855,,
TRZ02749,Cc1nnc(-c2nc(-c3ccccc3)cs2)nc1C,268.35,3.28,51.56,0,5,2,3,1,<rdkit.Chem.rdchem.Mol object at 0x000002016B1EE110>,only_pos2_notbridged,False,True,False,False,False,True,False,True,False,False,False,pos2_inring,3.0,2.0,False,True,0.5714285714285714,,
TRZ02771,Cc1nnc(-c2cccc(C(=O)O)n2)nc1C,230.23,1.25,88.86,1,5,2,2,1,<rdkit.Chem.rdchem.Mol object at 0x000002016B1EE9D0>,only_pos2_notbridged,False,True,False,False,False,True,False,True,False,False,False,pos2_inring,2.0,2.0,False,True,0.3829787234042553,,
TRZ03585,CCOc1cc(OCC(F)(F)F)c2nc(-c3nnc(C)c(C)n3)cc(C)c2c1,392.38,4.35,70.02,0,6,5,3,1,<rdkit.Chem.rdchem.Mol object at 0x000002016B200820>,only_pos2_notbridged,False,True,False,False,False,True,False,True,False,False,False,pos2_inring,3.0,3.0,False,True,0.3582089552238806,,
TRZ03709,Cc1nnc(-c2nc(-c3ccccn3)nn2Cc2ccccc2F)nc1C,361.38,3.0,82.27,0,6,4,4,1,<rdkit.Chem.rdchem.Mol object at 0x000002016B202F80>,only_pos2_notbridged,False,True,False,False,False,True,False,True,False,False,False,pos2_inring,4.0,3.0,False,True,0.2835820895522388,,
TRZ03903,Cc1ccc([N+](=O)[O-])c(NC(=O)c2nnc(C)c(C)n2)c1F,305.27,2.1,110.91,1,6,3,2,1,<rdkit.Chem.rdchem.Mol object at 0x000002016B207530>,only_pos2_notbridged,False,True,False,False,False,True,False,False,True,False,False,pos2_notinring,2.0,3.0,False,True,0.2857142857142857,,
TRZ03942,Cc1nnc(-c2nc3ccc(F)cc3s2)nc1C,260.3,2.9,51.56,0,5,1,3,1,<rdkit.Chem.rdchem.Mol object at 0x000002016B2084A0>,only_pos2_notbridged,False,True,False,False,False,True,False,True,False,False,False,pos2_inring,3.0,2.0,False,True,0.36,,
TRZ03970,Cc1nnc(-c2nc(-c3ccc(OC(F)(F)F)cc3)cs2)nc1C,352.34,4.18,60.79,0,6,3,3,1,<rdkit.Chem.rdchem.Mol object at 0x000002016B208F20>,only_pos2_notbridged,False,True,False,False,False,True,False,True,False,False,False,pos2_inring,3.0,3.0,False,True,0.45098039215686275,,
TRZ03971,Cc1nnc(-c2ncc(-c3ccc(OC(F)(F)F)cc3)o2)nc1C,336.27,3.71,73.93,0,6,3,3,1,<rdkit.Chem.rdchem.Mol object at 0x000002016B208F90>,only_pos2_notbridged,False,True,False,False,False,True,False,True,False,False,False,pos2_inring,3.0,3.0,False,True,0.4098360655737705,,
TRZ03987,Cc1nnc(-c2cc3cc(Cl)ncc3n2OC(=O)C(F)(F)F)nc1C,371.71,2.68,82.79,0,6,2,3,1,<rdkit.Chem.rdchem.Mol object at 0x000002016B2095B0>,only_pos2_notbridged,False,True,False,False,False,True,False,True,False,False,False,pos2_inring,3.0,3.0,False,True,0.3188405797101449,,
TRZ04021,Cc1nnc(-c2cc(C)c3cc(OCC(F)(F)F)cc(OCC(F)(F)F)c3n2)nc1C,446.35,4.89,70.02,0,6,5,3,1,<rdkit.Chem.rdchem.Mol object at 0x000002016B209FC0>,only_pos2_notbridged,False,True,False,False,False,True,False,True,False,False,False,pos2_inring,3.0,3.0,False,True,0.375,,
TRZ04691,Cc1nnc(/C(=C\c2cccc(O)c2O)N(C)CCN(C)Cc2cccc(C(F)(F)F)c2)nc1C,487.53,4.48,85.61,2,7,8,3,1,<rdkit.Chem.rdchem.Mol object at 0x000002016B218740>,only_pos2_notbridged,False,True,False,False,False,True,False,False,True,False,False,pos2_notinring,3.0,4.0,False,True,0.2235294117647059,,
TRZ04950,Cc1nnc(-c2ccc(S(=O)(=O)c3ccc(OC(F)(F)F)cc3)cn2)nc1C,410.38,3.28,94.93,0,7,4,3,1,<rdkit.Chem.rdchem.Mol object at 0x000002016B21D7E0>,only_pos2_notbridged,False,True,False,False,False,True,False,True,False,False,False,pos2_inring,3.0,4.0,False,True,0.4426229508196721,,
TRZ05258,Cc1nnc(-c2ccc(Nc3ncc(-c4ccc(C(F)(F)F)cc4)o3)cn2)nc1C,412.38,4.97,89.62,1,7,4,4,1,<rdkit.Chem.rdchem.Mol object at 0x000002016B224040>,only_pos2_notbridged,False,True,False,False,False,True,False,True,False,False,False,pos2_inring,4.0,4.0,False,True,0.39705882352941174,,
TRZ05384,Cc1nnc(-c2nc3cc(F)c(F)cc3s2)nc1C,278.29,3.04,51.56,0,5,1,3,1,<rdkit.Chem.rdchem.Mol object at 0x000002016B226C00>,only_pos2_notbridged,False,True,False,False,False,True,False,True,False,False,False,pos2_inring,3.0,2.0,False,True,0.3469387755102041,,
TRZ05385,Cc1nnc(-c2nc3cnc(F)cc3s2)nc1C,261.28,2.3,64.45,0,6,1,3,1,<rdkit.Chem.rdchem.Mol object at 0x000002016B226C70>,only_pos2_notbridged,False,True,False,False,False,True,False,True,False,False,False,pos2_inring,3.0,3.0,False,True,0.3684210526315789,,
TRZ05558,Cc1nnc(-c2nc3cc(C#N)c(F)cc3s2)nc1C,285.31,2.78,75.35,0,6,1,3,1,<rdkit.Chem.rdchem.Mol object at 0x000002016B22A960>,only_pos2_notbridged,False,True,False,False,False,True,False,True,False,False,False,pos2_inring,3.0,3.0,False,True,0.31746031746031744,,
TRZ05562,Cc1nnc(-c2cc3c(F)cncc3s2)nc1C,260.3,2.9,51.56,0,5,1,3,1,<rdkit.Chem.rdchem.Mol object at 0x000002016B22AB20>,only_pos2_notbridged,False,True,False,False,False,True,False,True,False,False,False,pos2_inring,3.0,2.0,False,True,0.3333333333333333,,
TRZ05748,Cc1nnc(-c2ncc3c(F)cc(SCc4ccccc4)cn23)nc1C,365.44,4.23,55.97,0,5,4,4,1,<rdkit.Chem.rdchem.Mol object at 0x000002016B22E880>,only_pos2_notbridged,False,True,False,False,False,True,False,True,False,False,False,pos2_inring,4.0,2.0,False,True,0.3055555555555556,,
TRZ00042,Cc1nnc(-c2cnccn2)nc1C,187.21,0.95,64.45,0,5,1,2,1,<rdkit.Chem.rdchem.Mol object at 0x000002016A545FC0>,both_notbridged,False,True,True,False,False,True,True,True,False,True,False,pos2_inring+pos3_inring,2.0,2.0,False,True,0.36538461538461536,,
TRZ00279,Cc1cc(-c2nc(C)c(-c3nnc(C)c(C)n3)s2)no1,287.35,2.88,77.59,0,7,2,3,1,<rdkit.Chem.rdchem.Mol object at 0x000002016A540510>,both_notbridged,False,True,True,False,False,True,True,True,False,True,False,pos2_inring+pos3_inring,3.0,4.0,False,True,0.5,,
TRZ00399,Cc1nnc(-c2sc(-c3cccs3)nc2C)nc1C,288.4,3.65,51.56,0,6,2,3,1,<rdkit.Chem.rdchem.Mol object at 0x000002016A543140>,both_notbridged,False,True,True,False,False,True,True,True,False,True,False,pos2_inring+pos3_inring,3.0,3.0,False,True,1.0,,
TRZ00590,Cc1nnc(-c2c(C)nc3sccn23)nc1C,245.31,2.17,55.97,0,5,1,3,1,<rdkit.Chem.rdchem.Mol object at 0x000002016A5803C0>,both_notbridged,False,True,True,False,False,True,True,True,False,True,False,pos2_inring+pos3_inring,3.0,2.0,False,True,0.3541666666666667,,
TRZ00625,Cc1nnc(-c2csc(CS(=O)(=O)c3ccc(Cl)cc3)n2)nc1C,380.88,3.24,85.7,0,7,4,3,1,<rdkit.Chem.rdchem.Mol object at 0x000002016A518A50>,both_notbridged,False,True,True,False,False,True,True,True,False,True,False,pos2_inring+pos3_inring,3.0,4.0,False,True,0.5185185185185185,,
TRZ00628,Cc1nnc(-c2csc(-c3ncc(C(F)(F)F)cc3Cl)n2)nc1C,371.78,4.35,64.45,0,6,2,3,1,<rdkit.Chem.rdchem.Mol object at 0x000002016A518BA0>,both_notbridged,False,True,True,False,False,True,True,True,False,True,False,pos2_inring+pos3_inring,3.0,3.0,False,True,1.0,,
TRZ00729,Cc1nnc(-c2cnc3ccccc3n2)nc1C,237.27,2.1,64.45,0,5,1,3,1,<rdkit.Chem.rdchem.Mol object at 0x000002016A51ADC0>,both_notbridged,False,True,True,False,False,True,True,True,False,True,False,pos2_inring+pos3_inring,3.0,2.0,False,True,0.4,,
TRZ01080,Cc1nnc(-c2csc(COc3cc(Cl)cc(Cl)c3)n2)nc1C,367.26,4.5,60.79,0,6,4,3,1,<rdkit.Chem.rdchem.Mol object at 0x000002016B1C3A70>,both_notbridged,False,True,True,False,False,True,True,True,False,True,False,pos2_inring+pos3_inring,3.0,3.0,False,True,1.0,,
TRZ01527,Cc1nnc(-c2csc(-c3ccc(C(F)(F)F)cn3)n2)nc1C,337.33,3.69,64.45,0,6,2,3,1,<rdkit.Chem.rdchem.Mol object at 0x000002016B1CF060>,both_notbridged,False,True,True,False,False,True,True,True,False,True,False,pos2_inring+pos3_inring,3.0,3.0,False,True,0.6470588235294118,,
TRZ01893,Cc1nnc(-c2csc(C(C)NC(=O)OC(C)(C)C)n2)nc1C,335.43,3.2,89.89,1,7,3,2,1,<rdkit.Chem.rdchem.Mol object at 0x000002016B1D7A70>,both_notbridged,False,True,True,False,False,True,True,True,False,True,False,pos2_inring+pos3_inring,2.0,4.0,False,True,0.375,,
TRZ01894,Cc1nnc(-c2csc(C(C)N)n2)nc1C,235.32,1.63,77.58,1,6,2,2,1,<rdkit.Chem.rdchem.Mol object at 0x000002016B1D7AE0>,both_notbridged,False,True,True,False,False,True,True,True,False,True,False,pos2_inring+pos3_inring,2.0,3.0,False,True,0.4772727272727273,,
TRZ01896,Cc1nnc(-c2csc(C(CC(C)C)NC(=O)OC(C)(C)C)n2)nc1C,377.51,4.22,89.89,1,7,5,2,1,<rdkit.Chem.rdchem.Mol object at 0x000002016B1D7BC0>,both_notbridged,False,True,True,False,False,True,True,True,False,True,False,pos2_inring+pos3_inring,2.0,4.0,False,True,0.359375,,
TRZ02000,Cc1nnc(-c2csc(COc3ccccc3Cl)n2)nc1C,332.82,3.84,60.79,0,6,4,3,1,<rdkit.Chem.rdchem.Mol object at 0x000002016B1DA500>,both_notbridged,False,True,True,False,False,True,True,True,False,True,False,pos2_inring+pos3_inring,3.0,3.0,False,True,0.64,,
TRZ02390,Cc1nnc(-c2sc(COc3ccc(C(C)(C)C)cc3)nc2C)nc1C,368.51,4.8,60.79,0,6,4,3,1,<rdkit.Chem.rdchem.Mol object at 0x000002016B1E49E0>,both_notbridged,False,True,True,False,False,True,True,True,False,True,False,pos2_inring+pos3_inring,3.0,3.0,False,True,1.0,,
TRZ02392,Cc1nnc(-c2csc(-c3cccs3)n2)nc1C,274.37,3.34,51.56,0,6,2,3,1,<rdkit.Chem.rdchem.Mol object at 0x000002016B1E4AC0>,both_notbridged,False,True,True,False,False,True,True,True,False,True,False,pos2_inring+pos3_inring,3.0,3.0,False,True,1.0,,
TRZ02819,Cc1nnc(-c2sc(-c3ccc(C(F)(F)F)cn3)nc2C)nc1C,351.36,4.0,64.45,0,6,2,3,1,<rdkit.Chem.rdchem.Mol object at 0x000002016B1EFCA0>,both_notbridged,False,True,True,False,False,True,True,True,False,True,False,pos2_inring+pos3_inring,3.0,3.0,False,True,0.48,,
TRZ03246,Cc1cc(F)ccc1-c1cnc(-c2nnc(C)c(C)n2)cn1,295.32,3.06,64.45,0,5,2,3,1,<rdkit.Chem.rdchem.Mol object at 0x000002016B1FA3B0>,both_notbridged,False,True,True,False,False,True,True,True,False,True,False,pos2_inring+pos3_inring,3.0,2.0,False,True,0.3793103448275862,,
TRZ04145,Cc1cc(OCc2c(F)cccc2F)c2nc(C)c(-c3nnc(C)c(C)n3)n2c1,395.41,4.28,65.2,0,5,4,4,1,<rdkit.Chem.rdchem.Mol object at 0x000002016B20CAC0>,both_notbridged,False,True,True,False,False,True,True,True,False,True,False,pos2_inring+pos3_inring,4.0,2.0,False,True,0.3150684931506849,,
TRZ04146,Cc1nnc(-c2c(C)nc3c(OCc4c(F)cccc4F)cccn23)nc1C,381.39,3.97,65.2,0,5,4,4,1,<rdkit.Chem.rdchem.Mol object at 0x000002016B20CB30>,both_notbridged,False,True,True,False,False,True,True,True,False,True,False,pos2_inring+pos3_inring,4.0,2.0,False,True,0.29850746268656714,,
TRZ04693,Cc1nnc(-c2nccnc2C(F)(F)F)nc1C,255.2,1.96,64.45,0,5,1,2,1,<rdkit.Chem.rdchem.Mol object at 0x000002016B218820>,both_notbridged,False,True,True,False,False,True,True,True,False,True,False,pos2_inring+pos3_inring,2.0,2.0,False,True,0.37735849056603776,,
TRZ04868,Cc1nnc(-c2nccnc2F)nc1C,205.2,1.08,64.45,0,5,1,2,1,<rdkit.Chem.rdchem.Mol object at 0x000002016B21BF40>,both_notbridged,False,True,True,False,False,True,True,True,False,True,False,pos2_inring+pos3_inring,2.0,2.0,False,True,0.32075471698113206,,
TRZ04906,Cc1nnc(-c2cn3ccnc3c(Cc3ccccc3F)n2)nc1C,334.36,2.93,68.86,0,5,3,4,1,<rdkit.Chem.rdchem.Mol object at 0x000002016B21CA50>,both_notbridged,False,True,True,False,False,True,True,True,False,True,False,pos2_inring+pos3_inring,4.0,2.0,False,True,0.2857142857142857,,
TRZ05210,Cc1nnc(-c2cncc(-c3ccc(F)cc3)n2)nc1C,281.29,2.75,64.45,0,5,2,3,1,<rdkit.Chem.rdchem.Mol object at 0x000002016B2230D0>,both_notbridged,False,True,True,False,False,True,True,True,False,True,False,pos2_inring+pos3_inring,3.0,2.0,False,True,0.4528301886792453,,
TRZ05313,Cc1nnc(-c2nc(Br)cnc2F)nc1C,284.09,1.85,64.45,0,5,1,2,1,<rdkit.Chem.rdchem.Mol object at 0x000002016B225540>,both_notbridged,False,True,True,False,False,True,True,True,False,True,False,pos2_inring+pos3_inring,2.0,2.0,False,True,0.32142857142857145,,
TRZ05492,CCOc1ccc(-c2cncc(-c3nnc(C)c(C)n3)n2)c(C(F)(F)F)c1,375.35,4.03,73.68,0,6,4,3,1,<rdkit.Chem.rdchem.Mol object at 0x000002016B228F20>,both_notbridged,False,True,True,False,False,True,True,True,False,True,False,pos2_inring+pos3_inring,3.0,3.0,False,True,0.5689655172413793,,
TRZ05493,Cc1nnc(-c2cncc(-c3ccc(C(F)F)cc3)n2)nc1C,313.31,3.55,64.45,0,5,3,3,1,<rdkit.Chem.rdchem.Mol object at 0x000002016B228F90>,both_notbridged,False,True,True,False,False,True,True,True,False,True,False,pos2_inring+pos3_inring,3.0,2.0,False,True,0.48148148148148145,,
TRZ05495,COc1ccc(-c2cncc(-c3nnc(C)c(C)n3)n2)c(F)c1,311.32,2.76,73.68,0,6,3,3,1,<rdkit.Chem.rdchem.Mol object at 0x000002016B229070>,both_notbridged,False,True,True,False,False,True,True,True,False,True,False,pos2_inring+pos3_inring,3.0,3.0,False,True,0.7,,
TRZ05496,Cc1nnc(-c2cncc(-c3cccc(F)c3)n2)nc1C,281.29,2.75,64.45,0,5,2,3,1,<rdkit.Chem.rdchem.Mol object at 0x000002016B2290E0>,both_notbridged,False,True,True,False,False,True,True,True,False,True,False,pos2_inring+pos3_inring,3.0,2.0,False,True,0.44642857142857145,,
TRZ05497,CCOc1ccc(-c2cncc(-c3nnc(C)c(C)n3)n2)c(F)c1,325.35,3.15,73.68,0,6,4,3,1,<rdkit.Chem.rdchem.Mol object at 0x000002016B229150>,both_notbridged,False,True,True,False,False,True,True,True,False,True,False,pos2_inring+pos3_inring,3.0,3.0,False,True,0.543859649122807,,
TRZ05498,COc1ccc(-c2cncc(-c3nnc(C)c(C)n3)n2)c(OC(F)(F)F)c1,377.33,3.52,82.91,0,7,4,3,1,<rdkit.Chem.rdchem.Mol object at 0x000002016B2291C0>,both_notbridged,False,True,True,False,False,True,True,True,False,True,False,pos2_inring+pos3_inring,3.0,4.0,False,True,1.0,,
TRZ05499,CCOc1ccc(-c2nc(-c3nnc(C)c(C)n3)cnc2C(F)(F)F)cc1,375.35,4.03,73.68,0,6,4,3,1,<rdkit.Chem.rdchem.Mol object at 0x000002016B229230>,both_notbridged,False,True,True,False,False,True,True,True,False,True,False,pos2_inring+pos3_inring,3.0,3.0,False,True,0.390625,,
TRZ05501,Cc1nnc(-c2cncc(-c3ccccc3F)n2)nc1C,281.29,2.75,64.45,0,5,2,3,1,<rdkit.Chem.rdchem.Mol object at 0x000002016B229310>,both_notbridged,False,True,True,False,False,True,True,True,False,True,False,pos2_inring+pos3_inring,3.0,2.0,False,True,0.49056603773584906,,
TRZ05503,COc1ccc(-c2cncc(-c3nnc(C)c(C)n3)n2)c(C(F)(F)F)c1,361.33,3.64,73.68,0,6,3,3,1,<rdkit.Chem.rdchem.Mol object at 0x000002016B2293F0>,both_notbridged,False,True,True,False,False,True,True,True,False,True,False,pos2_inring+pos3_inring,3.0,3.0,False,True,0.7254901960784313,,
TRZ05722,Cc1nnc(-c2cncc(-c3ccc(OC(F)(F)F)cc3)n2)nc1C,347.3,3.51,73.68,0,6,3,3,1,<rdkit.Chem.rdchem.Mol object at 0x000002016B22E030>,both_notbridged,False,True,True,False,False,True,True,True,False,True,False,pos2_inring+pos3_inring,3.0,3.0,False,True,0.6274509803921569,,
TRZ05732,Cc1nnc(-c2cncc(-c3ccc(OC(F)F)cc3)n2)nc1C,329.31,3.21,73.68,0,6,4,3,1,<rdkit.Chem.rdchem.Mol object at 0x000002016B22E1F0>,both_notbridged,False,True,True,False,False,True,True,True,False,True,False,pos2_inring+pos3_inring,3.0,3.0,False,True,0.5660377358490566,,
TRZ05733,Cc1nnc(-c2cncc(-c3ccc(OC(F)F)nc3)n2)nc1C,330.3,2.61,86.57,0,7,4,3,1,<rdkit.Chem.rdchem.Mol object at 0x000002016B22E260>,both_notbridged,False,True,True,False,False,True,True,True,False,True,False,pos2_inring+pos3_inring,3.0,4.0,False,True,0.5636363636363636,,
TRZ05734,Cc1nnc(-c2cncc(-c3ccc(OC(F)F)[nH]c3=O)n2)nc1C,346.3,1.9,106.54,1,7,4,3,1,<rdkit.Chem.rdchem.Mol object at 0x000002016B22E2D0>,both_notbridged,False,True,True,False,False,True,True,True,False,True,False,pos2_inring+pos3_inring,3.0,4.0,False,True,1.0,,
TRZ05736,Cc1nc(OC(F)F)ccc1-c1cncc(-c2nnc(C)c(C)n2)n1,344.33,2.92,86.57,0,7,4,3,1,<rdkit.Chem.rdchem.Mol object at 0x000002016B22E3B0>,both_notbridged,False,True,True,False,False,True,True,True,False,True,False,pos2_inring+pos3_inring,3.0,4.0,False,True,0.6346153846153846,,
TRZ05737,COc1cc(OC(F)F)ncc1-c1cncc(-c2nnc(C)c(C)n2)n1,360.32,2.62,95.8,0,8,5,3,1,<rdkit.Chem.rdchem.Mol object at 0x000002016B22E420>,both_notbridged,False,True,True,False,False,True,True,True,False,True,False,pos2_inring+pos3_inring,3.0,5.0,False,True,0.5254237288135594,,
TRZ05739,COc1nc(OC(F)F)ccc1-c1cncc(-c2nnc(C)c(C)n2)n1,360.32,2.62,95.8,0,8,5,3,1,<rdkit.Chem.rdchem.Mol object at 0x000002016B22E500>,both_notbridged,False,True,True,False,False,True,True,True,False,True,False,pos2_inring+pos3_inring,3.0,5.0,False,True,0.5892857142857143,,
TRZ05742,Cc1cc(OC(F)F)ncc1-c1cncc(-c2nnc(C)c(C)n2)n1,344.33,2.92,86.57,0,7,4,3,1,<rdkit.Chem.rdchem.Mol object at 0x000002016B22E650>,both_notbridged,False,True,True,False,False,True,True,True,False,True,False,pos2_inring+pos3_inring,3.0,4.0,False,True,0.5535714285714286,,
TRZ05743,Cc1nnc(-c2cncc(-c3ccc(OC(F)(F)F)nc3)n2)nc1C,348.29,2.91,86.57,0,7,3,3,1,<rdkit.Chem.rdchem.Mol object at 0x000002016B22E6C0>,both_notbridged,False,True,True,False,False,True,True,True,False,True,False,pos2_inring+pos3_inring,3.0,4.0,False,True,0.5357142857142857,,
TRZ05745,CCOc1ccc(-c2nc(-c3nnc(C)c(C)n3)c[nH]c2=O)c(F)c1,341.35,2.44,93.65,1,6,4,3,1,<rdkit.Chem.rdchem.Mol object at 0x000002016B22E7A0>,both_notbridged,False,True,True,False,False,True,True,True,False,True,False,pos2_inring+pos3_inring,3.0,3.0,False,True,0.36231884057971014,,
TRZ00686,Cc1nnc(-c2ccc3ccc4ccc(-c5nnc(C)c(C)n5)nc4c3n2)nc1C,394.44,3.72,103.12,0,8,2,5,2,<rdkit.Chem.rdchem.Mol object at 0x000002016A51A340>,,False,True,False,,,,,,,,,,,,,,,False,False
TRZ00727,Cc1nnc(-c2ccc(-c3nnc(C)c(C)n3)o2)nc1C,282.31,2.22,90.48,0,7,2,3,2,<rdkit.Chem.rdchem.Mol object at 0x000002016A51ACE0>,,False,True,False,,,,,,,,,,,,,,,False,False
TRZ00738,Cc1nnc(-c2nccnc2-c2nnc(C)c(C)n2)nc1C,294.32,1.41,103.12,0,8,2,3,2,<rdkit.Chem.rdchem.Mol object at 0x000002016A51B1B0>,,False,True,True,,,,,,,,,,,,,,,False,False
TRZ00805,COc1cccc(-c2nnc(C)c(C)n2)c1-c1nnc(C)c(C)n1,322.37,2.63,86.57,0,7,3,3,2,<rdkit.Chem.rdchem.Mol object at 0x000002016A54CDD0>,,False,False,True,,,,,,,,,,,,,,,False,False
TRZ00905,CCOc1ccc(CC(c2nnc(C)c(C)n2)c2nnc(C)c(C)n2)cc1CN(C)C,421.55,3.13,89.81,0,8,8,3,2,<rdkit.Chem.rdchem.Mol object at 0x000002016A54F8B0>,,False,False,True,,,,,,,,,,,,,,,False,False
TRZ01104,Cc1nnc(-c2nc[nH]c2-c2nnc(C)c(C)n2)nc1C,282.31,1.35,106.02,1,7,2,3,2,<rdkit.Chem.rdchem.Mol object at 0x000002016B1C44A0>,,False,True,True,,,,,,,,,,,,,,,False,False
TRZ01138,Cc1nnc(-c2ccnc(-c3nnc(C)c(C)n3)c2)nc1C,293.33,2.02,90.23,0,7,2,3,2,<rdkit.Chem.rdchem.Mol object at 0x000002016B1C52A0>,,False,True,False,,,,,,,,,,,,,,,False,False
TRZ01188,Cc1nnc(CCOc2ccc(-c3nnc(C)c(C)n3)cc2)nc1C,336.4,2.58,86.57,0,7,5,3,2,<rdkit.Chem.rdchem.Mol object at 0x000002016B1C6260>,,False,False,True,,,,,,,,,,,,,,,False,False
TRZ01194,Cc1nnc(-c2cccc(-c3nnc(C)c(C)n3)n2)nc1C,293.33,2.02,90.23,0,7,2,3,2,<rdkit.Chem.rdchem.Mol object at 0x000002016B1C6500>,,False,True,False,,,,,,,,,,,,,,,False,False
TRZ01492,Cc1nnc(-c2sc(-c3nnc(C)c(C)n3)c(C)c2C)nc1C,326.43,3.3,77.34,0,7,2,3,2,<rdkit.Chem.rdchem.Mol object at 0x000002016B1CE180>,,False,True,False,,,,,,,,,,,,,,,False,False
TRZ01829,Cc1nnc(-c2cccnc2-c2nnc(C)c(C)n2)nc1C,293.33,2.02,90.23,0,7,2,3,2,<rdkit.Chem.rdchem.Mol object at 0x000002016B1D61F0>,,False,True,True,,,,,,,,,,,,,,,False,False
TRZ01964,Cc1nnc(-c2cccc(N)c2-c2nnc(C)c(C)n2)nc1C,307.36,2.21,103.36,1,7,2,3,2,<rdkit.Chem.rdchem.Mol object at 0x000002016B1D95B0>,,False,False,True,,,,,,,,,,,,,,,False,False
TRZ01965,Cc1nnc(-c2ccc(-c3nnc(C)c(C)n3)nc2)nc1C,293.33,2.02,90.23,0,7,2,3,2,<rdkit.Chem.rdchem.Mol object at 0x000002016B1D9620>,,False,True,True,,,,,,,,,,,,,,,False,False
TRZ02017,Cc1nnc(-c2cnc(-c3nnc(C)c(C)n3)cn2)nc1C,294.32,1.41,103.12,0,8,2,3,2,<rdkit.Chem.rdchem.Mol object at 0x000002016B1DAB90>,,False,True,True,,,,,,,,,,,,,,,False,False
TRZ02476,Cc1ccccc1C(=O)NC(CCc1nnc(C)c(C)n1)c1nnc(C)c(C)n1,391.48,2.7,106.44,1,7,6,3,2,<rdkit.Chem.rdchem.Mol object at 0x000002016B1E6DC0>,,False,True,False,,,,,,,,,,,,,,,False,False
TRZ02619,Cc1nnc(-c2ccc(-c3nnc(C)c(C)n3)s2)nc1C,298.38,2.69,77.34,0,7,2,3,2,<rdkit.Chem.rdchem.Mol object at 0x000002016B1EA960>,,False,True,False,,,,,,,,,,,,,,,False,False
TRZ02643,Cc1nnc(-c2ccc(-c3ccc(-c4nnc(C)c(C)n4)cn3)nc2)nc1C,370.42,3.08,103.12,0,8,3,4,2,<rdkit.Chem.rdchem.Mol object at 0x000002016B1EB3E0>,,False,False,True,,,,,,,,,,,,,,,False,False
TRZ02679,Cc1nnc(-c2cccc(O)c2-c2nnc(C)c(C)n2)nc1C,308.35,2.33,97.57,1,7,2,3,2,<rdkit.Chem.rdchem.Mol object at 0x000002016B1EC3C0>,,False,False,True,,,,,,,,,,,,,,,False,False
TRZ02712,Cc1nnc(-c2ccoc2-c2nnc(C)c(C)n2)nc1C,282.31,2.22,90.48,0,7,2,3,2,<rdkit.Chem.rdchem.Mol object at 0x000002016B1ED0E0>,,False,True,True,,,,,,,,,,,,,,,False,False
TRZ02742,Cc1nnc(CCN(CCc2nnc(C)c(C)n2)c2ccc(Cl)cc2)nc1C,397.91,3.24,80.58,0,7,7,3,2,<rdkit.Chem.rdchem.Mol object at 0x000002016B1EDE00>,,False,False,True,,,,,,,,,,,,,,,False,False
TRZ02759,CCOc1cc(-c2nnc(C)c(C)n2)c(OCC)cc1-c1nnc(C)c(C)n1,380.45,3.42,95.8,0,8,6,3,2,<rdkit.Chem.rdchem.Mol object at 0x000002016B1EE490>,,False,False,True,,,,,,,,,,,,,,,False,False
TRZ02776,COc1cc(-c2nnc(C)c(C)n2)c(OC)cc1-c1nnc(C)c(C)n1,352.4,2.64,95.8,0,8,4,3,2,<rdkit.Chem.rdchem.Mol object at 0x000002016B1EEC00>,,False,False,True,,,,,,,,,,,,,,,False,False
TRZ02782,Cc1nnc(C(c2ccccc2)(c2ccccc2)c2nnc(C)c(C)n2)nc1C,382.47,3.67,77.34,0,6,4,4,2,<rdkit.Chem.rdchem.Mol object at 0x000002016B1EEE30>,,False,False,True,,,,,,,,,,,,,,,False,False
TRZ02802,Cc1nnc(-c2ccccc2Nc2ccccc2-c2nnc(C)c(C)n2)nc1C,383.46,4.37,89.37,1,7,4,4,2,<rdkit.Chem.rdchem.Mol object at 0x000002016B1EF6F0>,,False,False,True,,,,,,,,,,,,,,,False,False
TRZ03699,Cc1nnc(CCN(CCc2nnc(C)c(C)n2)c2ccc(F)cc2)nc1C,381.46,2.72,80.58,0,7,7,3,2,<rdkit.Chem.rdchem.Mol object at 0x000002016B202C70>,,False,False,True,,,,,,,,,,,,,,,False,False
TRZ04034,Cc1nnc(-c2nnc(C(F)(F)F)c(C(F)(F)F)n2)nc1C,324.19,2.38,77.34,0,6,1,2,2,<rdkit.Chem.rdchem.Mol object at 0x000002016B20A3B0>,,False,True,False,,,,,,,,,,,,,,,False,False
TRZ05388,Cc1nnc(-c2nc(F)c(F)nc2-c2nnc(C)c(C)n2)nc1C,330.3,1.69,103.12,0,8,2,3,2,<rdkit.Chem.rdchem.Mol object at 0x000002016B226CE0>,,False,True,True,,,,,,,,,,,,,,,False,False
